{
  "bytes": 112654,
  "datahub": {
    "created": "2017-11-09T01:27:26.384677",
    "findability": "published",
    "flowid": "core/geo-admin1-us/7",
    "modified": "2018-03-15T06:24:57.998294",
    "owner": "core",
    "ownerid": "core"
  },
  "description": "Natural Earth Polygons for the states in the United Stated of America",
  "hash": "7e7b25ff860ed5f05569d9d402927ab9",
  "homepage": "http://github.com/datasets/geo-ne-admin1-us",
  "id": "core/geo-admin1-us",
  "keywords": [
    "geodata",
    "vector",
    "country"
  ],
  "licenses": [
    {
      "type": "ODC-PDDL",
      "url": "http://opendatacommons.org/licenses/pddl/1.0/"
    }
  ],
  "name": "geo-admin1-us",
  "repository": {
    "type": "git",
    "url": "git://github.com/datasets/geo-ne-admin1-us.git"
  },
  "resources": [
    {
      "bytes": 110983,
      "datahub": {
        "type": "original"
      },
      "dpp:streamedFrom": "https://s3.amazonaws.com/rawstore.datahub.io/832de13f11fc882d18d45e085758e737.geojson",
      "encoding": "utf-8",
      "foreignKeys": [
        {
          "fields": "ISO3166-1-Alpha-3",
          "reference": {
            "datapackage": "https://github.com/datasets/country-codes/",
            "fields": "ISO3166-1-Alpha-3",
            "resource": "country-codes"
          }
        }
      ],
      "format": "geojson",
      "geojsonSchema": {
        "fields": [
          {
            "description": "Common name of the zone",
            "name": "name",
            "type": "string"
          },
          {
            "description": "Code for the zone inside the country",
            "name": "id",
            "type": "string"
          },
          {
            "description": "Name of the country",
            "name": "country",
            "type": "string"
          },
          {
            "description": "3 characters code for the country, according to ISO3166 standard",
            "name": "ISO3166-1-Alpha-3",
            "type": "string"
          }
        ]
      },
      "mediatype": "application/json",
      "name": "admin1-us",
      "path": "archive/admin1-us.geojson",
      "profile": "data-resource"
    },
    {
      "bytes": 2,
      "datahub": {
        "type": "derived/report"
      },
      "description": "Validation report for tabular data",
      "dpp:streamedFrom": "/tmp/tmpp3jyjzd_/core/geo-admin1-us/validation_report/data/d751713988987e9331980363e24189ce/validation_report.json",
      "encoding": "utf-8",
      "format": "json",
      "hash": "d751713988987e9331980363e24189ce",
      "name": "validation_report",
      "path": "data/validation_report.json",
      "profile": "data-resource"
    },
    {
      "bytes": 1669,
      "dpp:streamedFrom": "/tmp/tmp_klx_x85/README.md",
      "format": "md",
      "name": "readme",
      "path": "README.md"
    }
  ],
  "sources": [
    {
      "name": "Natural Earth",
      "path": "http://www.naturalearthdata.com/downloads/10m-cultural-vectors/10m-admin-1-states-provinces/",
      "title": "Natural Earth"
    }
  ],
  "title": "Natural Earth Admin1 Polygons as GeoJSON",
  "version": "0.1.0"
}